@context,@type,image,url,name,geo/@type,geo/latitude,geo/longitude,address/@type,address/streetAddress,address/addressLocality,address/addressRegion,address/postalCode,mainEntity/0/@type,mainEntity/0/name,mainEntity/0/acceptedAnswer/@type,mainEntity/0/acceptedAnswer/text,mainEntity/1/@type,mainEntity/1/name,mainEntity/1/acceptedAnswer/@type,mainEntity/1/acceptedAnswer/text,mainEntity/2/@type,mainEntity/2/name,mainEntity/2/acceptedAnswer/@type,mainEntity/2/acceptedAnswer/text,mainEntity/3/@type,mainEntity/3/name,mainEntity/3/acceptedAnswer/@type,mainEntity/3/acceptedAnswer/text,mainEntity/4/@type,mainEntity/4/name,mainEntity/4/acceptedAnswer/@type,mainEntity/4/acceptedAnswer/text,logo,description,sameAs/0,sameAs/1,sameAs/2,sameAs/3,sameAs/4,contactPoint/@type,contactPoint/telephone,contactPoint/contactType,contactPoint/areaServed
https://schema.org,Hotel,https://d2bxpw04qb5rhq.cloudfront.net/production/property_image/image/78884/0f739cf862853d8c61f8f22047c8c19c0d7ce7580acf8aab7631b448311f5aa354699a15bcc0b8ad/small_76355264d45b8873dde8bf7c754ecdb3.PNG,/goa/margao/hotels/11107-hotel-darshan/pgo-properties,Hotel Darshan ,GeoCoordinates,15.271669,73.970421,PostalAddress,Margao,Margao,Fire Bridge Side ,403601,,,,,,,,,,,,,,,,,,,,,,,,,,,,,,,
https://schema.org,SingleFamilyResidence,https://d2bxpw04qb5rhq.cloudfront.net/production/property_image/image/79172/ff7ca8e8d1db5a52e0287a18d5247e49c1431e867ed96f5e12097acd4086bb80f3f93686231672e2/small_11664f8db167aa4970c74662c609dcd9.PNG,/goa/margao/guest-houses/11172-saty-goa/pgo-properties,Saty Goa,GeoCoordinates,15.26903,73.964196,PostalAddress,Margao,Margao,Silver Strip,403601,,,,,,,,,,,,,,,,,,,,,,,,,,,,,,,
https://schema.org,Hotel,https://d2bxpw04qb5rhq.cloudfront.net/production/property_image/image/79254/71a0e7c8e81324e1da44c83c56e708332274213b8d9b86c6b49833c096cfcd633b4475354c4267d5/small_8ebb3ed8b03c1508a5f81fa642f4c09f.PNG,/goa/margao/hotels/11187-hotel-tanish/pgo-properties,Hotel Tanish,GeoCoordinates,15.274151,73.95918,PostalAddress,Margao,Margao,Grace Church,403601,,,,,,,,,,,,,,,,,,,,,,,,,,,,,,,
https://schema.org,Hotel,https://d2bxpw04qb5rhq.cloudfront.net/production/property_image/image/78896/108b077f4742c2b702f80cf134cd91933a5bda5e9dd3060b36e37558cf93ad73ee0a12ce3e6b2868/small_cbb57eb868979686c4747734be083055.PNG,/goa/margao/hotels/11109-hotel-poonam/pgo-properties,Hotel Poonam ,GeoCoordinates,15.27153,73.959564,PostalAddress,Margao ,Margao ,Station Road ,403601,,,,,,,,,,,,,,,,,,,,,,,,,,,,,,,
https://schema.org,SingleFamilyResidence,https://d2bxpw04qb5rhq.cloudfront.net/production/property_image/image/78846/adcfd5827a14d836dac6f42b3fd9b521411c74ad5f77b0309a8e85d5477809a04f26971b0bf94d57/small_11dfe36903989cd616a468a77433b4ee.PNG,/goa/margao/guest-houses/11100-margao-residency/pgo-properties,Margao Residency ,GeoCoordinates,15.271562,73.959323,PostalAddress, Margao ,#,Margao ,403601,,,,,,,,,,,,,,,,,,,,,,,,,,,,,,,
https://schema.org,Hotel,https://d2bxpw04qb5rhq.cloudfront.net/production/property_image/image/79204/a096aa91ac0f5e88ccc2d9f07b6534c850468b20b9e19613fe9e75978a05a8a638f7d4879daf4c58/small_90fb51db08ba33da449e661d9a94de16.PNG,/goa/margao/hotels/11177-hotel-saaj/pgo-properties,Hotel SaaJ ,GeoCoordinates,15.27228,73.954788,PostalAddress,Margao,Margao,Telephonic Exchange ,403601,,,,,,,,,,,,,,,,,,,,,,,,,,,,,,,
https://schema.org,SingleFamilyResidence,https://d2bxpw04qb5rhq.cloudfront.net/production/property_image/image/73522/066549988ffc9a0e56b7e5c85d492591909e20a1b85fad5abbe55d8d83e8caa07733ba472ca11c6a/small_a4b46472183022e4f711675502122403.png,/goa/verna/guest-houses/10205-heaven-on-earth/pgo-properties,Heaven On Earth,GeoCoordinates,15.337711,73.943093,PostalAddress,Verna,Vodlem Bhat,House o-146,403722,,,,,,,,,,,,,,,,,,,,,,,,,,,,,,,
https://schema.org,SingleFamilyResidence,https://d2bxpw04qb5rhq.cloudfront.net/production/property_image/image/85778/286a72150d5e9899dda4106abb5edecae6a595d89ee55181be72b2cdd79e8947f6df23eb0a6dfced/small_4.PNG,/goa/verna/guest-houses/10119-honey-moon-cottage/pgo-properties,Honey Moon Cottage,GeoCoordinates,15.337711,73.943093,PostalAddress,Verna,Vodlem Bhat,H.No:146,403722,,,,,,,,,,,,,,,,,,,,,,,,,,,,,,,
https://schema.org,SingleFamilyResidence,https://d2bxpw04qb5rhq.cloudfront.net/production/property_image/image/73257/a5a74d1b091311f46036a2ad81c5671a88d22c914604283cafec4e5bdfc62d408f6aca11d451aafa/small_82a335c65f3e08c0ba6268ed9d371f1f.png,/goa/verna/guest-houses/10123-valparadiso-guest-house/pgo-properties,Valparadiso Guest House,GeoCoordinates,15.337711,73.943093,PostalAddress,Verna,Vodle Mart,H.No:146,403722,,,,,,,,,,,,,,,,,,,,,,,,,,,,,,,
https://schema.org,SingleFamilyResidence,https://d2bxpw04qb5rhq.cloudfront.net/production/property_image/image/73304/6cd1bc47aebd86097375149ff04f71e29151520c5a0eee94bb7b5355bd4bbac49650f42b52354b4d/small_b4a2075503c98925a609b5f637550430.png,/goa/coiva/guest-houses/10132-ocean-residency/pgo-properties,Ocean Residency,GeoCoordinates,15.277732,73.928034,PostalAddress,Coiva,"Villa Nova,Vanelim",Queeny Crown Building,403708,,,,,,,,,,,,,,,,,,,,,,,,,,,,,,,
https://schema.org,SingleFamilyResidence,https://d2bxpw04qb5rhq.cloudfront.net/production/property_image/image/73174/2f91ffaa91fecc12dfab54630454f14069d97fb32c415346b2875bc21f4d93c53a5498e3be57f926/small_7e457e0f39bd7a5d50df82a2543acc8f.png,/goa/sernabatim/guest-houses/10109-aguir-guest-house/pgo-properties,Aguir Guest House,GeoCoordinates,15.260925,73.927505,PostalAddress,Sernabatim,Coiva,Coiva,403708,,,,,,,,,,,,,,,,,,,,,,,,,,,,,,,
https://schema.org,SingleFamilyResidence,https://d2bxpw04qb5rhq.cloudfront.net/production/property_image/image/85759/7fd86f1ed496083980fef8a767e3ca509043fa755fd9fe42dced2b8c954112c7436371fee8bab882/small_1.PNG,/goa/benaulim-goa/guest-houses/10204-d-souza-guest-house/pgo-properties,D&#39;Souza Guest House,GeoCoordinates,15.263616,73.926475,PostalAddress,Benaulim Goa,Benaulim Goa,Benaulim Goa,403716,,,,,,,,,,,,,,,,,,,,,,,,,,,,,,,
https://schema.org,SingleFamilyResidence,https://d2bxpw04qb5rhq.cloudfront.net/production/property_image/image/73846/56048d07cf86899253fa8dbdde159f39f797b364b346c28688919a090f006d3225cfbb9ce2cf197f/small_c8d592029c830d874eabe5a4d5a8b36b.png,/goa/colva/guest-houses/10296-casa-roiz-guest-house/pgo-properties,Casa Roiz Guest House,GeoCoordinates,15.277999,73.919521,PostalAddress,Colva,"Fatona ,Colva",393 4th Ward,403708,,,,,,,,,,,,,,,,,,,,,,,,,,,,,,,
https://schema.org,SingleFamilyResidence,https://d2bxpw04qb5rhq.cloudfront.net/production/property_image/image/73275/c398930362bafe2a0f2ce4a828bda92fd529414b3712554740a0c8041f2d7b4b1680f5cdf5f9a8ae/small_1bbf85ed18bc9eb9b0996c076938d840.png,/goa/benalium/guest-houses/10126-peles-guest-house/pgo-properties,Peles Guest House,GeoCoordinates,15.246859,73.925345,PostalAddress,Benalium,Opp Taj Exoctica,Peles Place,403716,,,,,,,,,,,,,,,,,,,,,,,,,,,,,,,
https://schema.org,SingleFamilyResidence,https://d2bxpw04qb5rhq.cloudfront.net/production/property_image/image/73267/698e0fcbf1ab4a4c5e0fa1afca051eb3eb98093844c7107037d4996366f19761167840ad3214e289/small_0207795c9361752a46c4470099f11406.png,/goa/benaulim/guest-houses/10125-o-palmar-beach-cottage/pgo-properties,&#39;O&#39; Palmar Beach Cottage,GeoCoordinates,15.257167,73.920248,PostalAddress,Benaulim,Vasvaddo Beach Road,Vasvaddo Beach Road,403716,,,,,,,,,,,,,,,,,,,,,,,,,,,,,,,
https://schema.org,SingleFamilyResidence,https://d2bxpw04qb5rhq.cloudfront.net/production/property_image/image/73237/614ab8a0b6760b8aa060ce77f2fd9cbb331bddd123766a7c7bd179e93f445b2fe7df962fc6de9ee5/small_ecb00b6fb8071eb7a3bfaa9364ced4ba.png,/goa/salcete/guest-houses/10121-liamour-beach-resort/pgo-properties,Liamour Beach Resort,GeoCoordinates,15.257167,73.920248,PostalAddress,Salcete,Benaulim Beach Road,Benaulim Beach Road,403716,,,,,,,,,,,,,,,,,,,,,,,,,,,,,,,
https://schema.org,Apartment,https://d2bxpw04qb5rhq.cloudfront.net/production/property_image/image/73346/6ac3af3b90c1ffe24068a094f8ca3b56c2a55612122ee5771cb2a190c694b1ca688feb34e2c142e4/small_b27f021ac45102b0574c0b0bee861b0a.jpg,/goa/benalium/cottages/10139-peles-wind-song-wood-cottage/pgo-properties,Peles Wind Song Wood Cottage,GeoCoordinates,15.240211,73.924145,PostalAddress,Benalium,Benalium,Benalium,403721,,,,,,,,,,,,,,,,,,,,,,,,,,,,,,,
https://schema.org,Apartment,https://d2bxpw04qb5rhq.cloudfront.net/production/property_image/image/73336/2de84767b383d27471f250e2c0b975c7d171629c8b8db468e390cda236f0790bb7aeebcfffa267f8/small_fde72c08d436f5960b59baac8acc87c5.jpg,/goa/benaulium/cottages/10138-peles-wind-song-wooden-cottage/pgo-properties,Peles Wind Song Wooden Cottage,GeoCoordinates,15.240211,73.924145,PostalAddress,Benaulium,Near Taj Exotica Hotel,Calvaddo Beach,403716,,,,,,,,,,,,,,,,,,,,,,,,,,,,,,,
https://schema.org,SingleFamilyResidence,https://d2bxpw04qb5rhq.cloudfront.net/production/property_image/image/73247/027f54fcd5b7ddd6e34aaca6d0b4ddaa516fe87798ba016e186d70338bc76630ad37f68f4e3537b2/small_decb6a94985f059daea3633021474a1f.png,/goa/salcete-pedda/guest-houses/10122-anthy-s-guest-house/pgo-properties,Anthy&#39;s Guest House,GeoCoordinates,15.262201,73.917788,PostalAddress,Salcete Pedda,South Coiva,Serna Batim Beach,403709,,,,,,,,,,,,,,,,,,,,,,,,,,,,,,,
https://schema.org,SingleFamilyResidence,https://d2bxpw04qb5rhq.cloudfront.net/production/property_image/image/73981/f9af54e38cde2daecfcc0f02736923897729e43321454af4f1251b3e5842159ae5fc66be70a36f9a/small_d5add3f19675cf169a6ded3770db9cb2.PNG,/goa/betalbatim/guest-houses/10322-martin-s-comfort/pgo-properties,Martin&#39;s Comfort,GeoCoordinates,15.303029,73.914062,PostalAddress,Betalbatim,Betalbatim,Ranwaddo ,403713,,,,,,,,,,,,,,,,,,,,,,,,,,,,,,,
https://schema.org,SingleFamilyResidence,https://d2bxpw04qb5rhq.cloudfront.net/production/property_image/image/74009/0229abac750792d1fd04103259e989e13f5cf4c25071b7f7501e019a46bd120ec4e88d01c60356a5/small_d5e095fe8cd4627621dae97af953c526.PNG,/goa/betabatim/guest-houses/10326-jesus-guest-house/pgo-properties,Jesus Guest House,GeoCoordinates,15.283744,73.914354,PostalAddress,Betabatim,Salcete,"H.No:35/C,Ranwaddo Betabatim",403713,,,,,,,,,,,,,,,,,,,,,,,,,,,,,,,
https://schema.org,SingleFamilyResidence,https://d2bxpw04qb5rhq.cloudfront.net/production/property_image/image/74074/13b786e6e17b653c9153a5076034eaf063b9b857cd9a473b9dae1e5de80571d59512fae25962992b/small_8721af2448cf351d18a857dd55416f10.PNG,/goa/betalbatim/guest-houses/10341-cozy-apartment-betalbatim/pgo-properties,Cozy Apartment Betalbatim,GeoCoordinates,15.301234,73.912552,PostalAddress,Betalbatim,Betalbatim,H.No:29/A,403713,,,,,,,,,,,,,,,,,,,,,,,,,,,,,,,
https://schema.org,SingleFamilyResidence,https://d2bxpw04qb5rhq.cloudfront.net/production/property_image/image/85810/cb0bc41efe61ac61e1a151a7fbd396599b3f19acb483a4b82e1f17cb849a91a832c3d67021fe0514/small_1.PNG,/goa/pachecho-vaddo-majorda/guest-houses/10209-john-s-highland-comfort/pgo-properties,John&#39;s Highland Comfort,GeoCoordinates,15.306497,73.912649,PostalAddress,"Pachecho Vaddo,Majorda",Near Alila Diwa,"Diwa Resort,House No-146/9",403713,,,,,,,,,,,,,,,,,,,,,,,,,,,,,,,
https://schema.org,SingleFamilyResidence,https://d2bxpw04qb5rhq.cloudfront.net/production/property_image/image/85796/539b94ed58647bb55cf9b9fc321a5501b7ddf0973b8beb6c55b98b50b3a895676788ed01e77f30ad/small_2.PNG,/goa/majorda-gonsua/guest-houses/10214-john-guest-house/pgo-properties,John Guest House,GeoCoordinates,15.306497,73.912649,PostalAddress,"Majorda,Gonsua",Adao  Vaddo,Johns Highland comfort,403713,,,,,,,,,,,,,,,,,,,,,,,,,,,,,,,
https://schema.org,SingleFamilyResidence,https://d2bxpw04qb5rhq.cloudfront.net/production/property_image/image/73939/6451b463ca6ac05e005124e947887f039711363567dc19a1ca14b05eb8debf13c26d3473a7fc0a71/small_a45e1d3aab86947bbde5209b2524bce2.PNG,/goa/betalbatim/guest-houses/10315-cosy-apartment-at-goa-near-beach/pgo-properties,Cosy Apartment At Goa Near Beach,GeoCoordinates,15.301316,73.912251,PostalAddress,Betalbatim,Betalbatim,Betalbatium,403708,,,,,,,,,,,,,,,,,,,,,,,,,,,,,,,
https://schema.org,SingleFamilyResidence,https://d2bxpw04qb5rhq.cloudfront.net/production/property_image/image/74018/6cf7166dc2e8ef113dd599f6244cb670b5846bc671cee6d4fecb955c6ac85829032691d8d9472979/small_1a6c6c73fd093b4495ff8debc4647b6b.PNG,/goa/betalbatim/guest-houses/10327-cozy-apartment-betalbatim-2/pgo-properties,Cozy Apartment Betalbatim-2,GeoCoordinates,15.299328,73.908609,PostalAddress,Betalbatim,Betalbatim,Betalbatim,403708,,,,,,,,,,,,,,,,,,,,,,,,,,,,,,,
https://schema.org,SingleFamilyResidence,https://d2bxpw04qb5rhq.cloudfront.net/production/property_image/image/85784/9730c98e7f43df9cfbd7e228aa36b33b9b9551e01ec649348171a86ecdc661a07b9b2faeb2a50a28/small_2.PNG,/goa/pachela-vaddo-south-goa/guest-houses/10223-jes-guest-house/pgo-properties,Jes Guest House,GeoCoordinates,15.312725,73.908727,PostalAddress,"Pachela Vaddo,South Goa",Majorda Beach RD,"H No-254/1,Near Milagres Chapel",403713,,,,,,,,,,,,,,,,,,,,,,,,,,,,,,,
https://schema.org,SingleFamilyResidence,https://d2bxpw04qb5rhq.cloudfront.net/production/property_image/image/73946/575df7186a2d5d45ed10213d58069412dae4289769bb53b50b65cfa816081200d5d1e394521436fd/small_7a4ee2d9ff2b4b64ab172c54a47f300e.PNG,/goa/betalbatim/guest-houses/10316-cozy-a-c-apartment-beach/pgo-properties,Cozy A.C Apartment Beach,GeoCoordinates,15.299086,73.907547,PostalAddress,Betalbatim,Betalbatim,Betalbatim Ranvaddo,403713,,,,,,,,,,,,,,,,,,,,,,,,,,,,,,,
https://schema.org,SingleFamilyResidence,https://d2bxpw04qb5rhq.cloudfront.net/production/property_image/image/73532/2494eeaea1663d593b49f1c1aef5543ea40c571eafc845203d3df21053282886bb07a83e294eea81/small_6287cce70954d847edc9a7919e2127e7.jpg,/goa/utorda-salcete/guest-houses/10206-cota-s-guest-house/pgo-properties,"Cota,s Guest House",GeoCoordinates,15.327232,73.908261,PostalAddress,Utorda Salcete,"Vedlem Bhat,Near  Phayat Hotil","H No-311/1,Ftancis Costa Ward",403713,,,,,,,,,,,,,,,,,,,,,,,,,,,,,,,
https://schema.org,SingleFamilyResidence,https://d2bxpw04qb5rhq.cloudfront.net/production/property_image/image/74094/c4b4d946ede5635d683dbd10a1db583457a093018738efb927f0843af0393ff5e1bebdc8bd1978cf/small_f8364a0aaacaf0e8ab567ee042247c02.PNG,/goa/pacheco-vaddo-majorda/guest-houses/10343-frias-holiday-home/pgo-properties,Frias Holiday Home,GeoCoordinates,15.31449,73.906444,PostalAddress,"Pacheco Vaddo,Majorda",Godinho,"1,Majorda Beach Road",403713,,,,,,,,,,,,,,,,,,,,,,,,,,,,,,,
https://schema.org,SingleFamilyResidence,https://d2bxpw04qb5rhq.cloudfront.net/production/property_image/image/85820/77b5b39ca3bf6e329bab1cc5cc12fdb4759bdef761fa6521e5c516b794b488e7bbb27ed7ae158f0f/small_1.PNG,/goa/ella/guest-houses/9045-kinara-classic-deluxe-rooms/pgo-properties,Kinara Classic Deluxe Rooms,GeoCoordinates,15.490709,73.911013,PostalAddress,Ella,Ella ,Esmeralda Greens,403110,,,,,,,,,,,,,,,,,,,,,,,,,,,,,,,
https://schema.org,Hotel,https://d2bxpw04qb5rhq.cloudfront.net/production/property_image/image/79240/90dbb12070ed0d17abc103a1bdd0572957088796575670a0fda9b019680349ac44b82aba0f9c7736/small_eb9960d9fd1e767f22187c19617abb0e.PNG,/goa/mormugao/hotels/11185-la-pettie/pgo-properties,La Pettie ,GeoCoordinates,15.370056,73.834782,PostalAddress,Mormugao,#,Mormugao,403806,,,,,,,,,,,,,,,,,,,,,,,,,,,,,,,
https://schema.org,SingleFamilyResidence,https://d2bxpw04qb5rhq.cloudfront.net/production/property_image/image/79330/8acfb79642e0ddee90b794653f5c218ce8ccbe8415a7ea30e2e8ef809c1a267a6a2003664e518f90/small_d6abd11f6f59c30b638cb858d6613748.PNG,/goa/vasco-de-gama/guest-houses/11198-james-guest-house/pgo-properties,James Guest House ,GeoCoordinates,15.372257,73.833946,PostalAddress,Vasco De Gama ,Bogmaco ,N . No  - 178,403806,,,,,,,,,,,,,,,,,,,,,,,,,,,,,,,
https://schema.org,Hotel,https://d2bxpw04qb5rhq.cloudfront.net/production/property_image/image/79196/b4c33534f230a5ada791a400e26cde3c7f2da5e858d7f17ab6bee9e7709f85fb9a3a02af6e19b657/small_dbca142e4075f012cf1972183cc2a541.PNG,/goa/vasco-de-gama/hotels/11176-the-hq/pgo-properties,The HQ ,GeoCoordinates,15.397533,73.812941,PostalAddress,Vasco De Gama ,Vasco De Gama ,Veddem ,403802,,,,,,,,,,,,,,,,,,,,,,,,,,,,,,,
https://schema.org,Hotel,https://d2bxpw04qb5rhq.cloudfront.net/production/property_image/image/79212/eb2d010fcca55417ec32b76d6e29f5bc1da2dff75e118d0bbc9c82e1a38d7f9e6ad63bf3fee30ce4/small_c8a3b40ad3ac9b704d35a46692ad206f.PNG,/goa/vasco-de-gama/hotels/11179-hotel-z-square/pgo-properties,Hotel Z Square ,GeoCoordinates,15.399989,73.813395,PostalAddress,Vasco De Gama ,Vasco De Gama ,FL Gomes Road ,403802,,,,,,,,,,,,,,,,,,,,,,,,,,,,,,,
https://schema.org,Hotel,https://d2bxpw04qb5rhq.cloudfront.net/production/property_image/image/79236/5db8e92aa81f553681914df092deb4168e6940bd3eb9709ba26d0139130c98f0505bd7439a1cdd3f/small_8b6fa6a879833a46d07a8fa7847c4863.PNG,/goa/vasco-de-gama/hotels/11184-kamakshi-hotel-private-limited/pgo-properties,kamakshi Hotel Private Limited ,GeoCoordinates,15.398911,73.811871,PostalAddress,Vasco De Gama ,Vasco De Gama ,Gomes Road ,403802,,,,,,,,,,,,,,,,,,,,,,,,,,,,,,,
https://schema.org,Hotel,https://d2bxpw04qb5rhq.cloudfront.net/production/property_image/image/79227/319d5ee350aaf42fbe05b9bf3dcb17cce19e591118e41d633b5c8999748413bc2366cf57d886aeec/small_e5703fcc7cb00d0dfc19b5734fdea132.PNG,/goa/vasco-de-gama/hotels/11182-hotel-glad-stone/pgo-properties,Hotel Glad Stone ,GeoCoordinates,15.39855,73.811515,PostalAddress,Vasco De Gama ,Vasco De Gama ,Veddem ,403802,,,,,,,,,,,,,,,,,,,,,,,,,,,,,,,
https://schema.org,Hotel,https://d2bxpw04qb5rhq.cloudfront.net/production/property_image/image/79305/674c15b4cae0f4acfd272688cb46faee59ed45e15c6f79869045246ff47c94cafaae4f9bf17ce99e/small_5d68a885ba0e16f1540250525d7d1cd7.PNG,/goa/vasco-de-gama/hotels/11195-westend-hotel/pgo-properties,Westend Hotel ,GeoCoordinates,15.396878,73.809224,PostalAddress,Vasco De Gama ,#,Vasco De Gama ,403802,,,,,,,,,,,,,,,,,,,,,,,,,,,,,,,
https://schema.org,Hotel,https://d2bxpw04qb5rhq.cloudfront.net/production/property_image/image/78878/78e11ab4f7b2bf20d30dc32fbd43f0438c8f4c1c54ec1746d249d163823fa841881d28dd7d43ce8a/small_f042cb263ade4a99890aa2b714f1271b.PNG,/goa/panaji/hotels/11106-hotel-ananaj/pgo-properties,Hotel Ananaj ,GeoCoordinates,15.472076,73.842617,PostalAddress,Panaji ,Multain ,C -14 H . N . 360,403002,,,,,,,,,,,,,,,,,,,,,,,,,,,,,,,
https://schema.org,SingleFamilyResidence,https://d2bxpw04qb5rhq.cloudfront.net/production/property_image/image/78799/2563a3a7bced2a94440258c1b3b97084b301becd266930272f76bce4d22a2977f4fae855362165a1/small_161a605e227fc23a65f0d18fc669c9b7.PNG,/goa/panaji/guest-houses/11089-shalanda-guest-house/pgo-properties,Shalanda Guest House ,GeoCoordinates,15.489113,73.831135,PostalAddress,Panaji ,Panaji ,HN DE 22 Porta is,403001,,,,,,,,,,,,,,,,,,,,,,,,,,,,,,,
https://schema.org,Hotel,https://d2bxpw04qb5rhq.cloudfront.net/production/property_image/image/78832/151d4a9e1146fd28491853dc4c7e5914a3f8ffb467d858a44b0c5755fa65e2425ddd17200bcf43fe/small_deb9757d9553abebe1c44ab5d464648a.PNG,/goa/panaji/hotels/11097-park-prime-goa/pgo-properties,Park Prime Goa ,GeoCoordinates,15.498172,73.833978,PostalAddress,Panaji ,Panaji ,Patto Center ,403001,,,,,,,,,,,,,,,,,,,,,,,,,,,,,,,
https://schema.org,SingleFamilyResidence,https://d2bxpw04qb5rhq.cloudfront.net/production/property_image/image/79127/4f39473172246cecdffd1beb627d7da6aa2126db2a7c9ec3fce88f3ec0e78f010666c2267e014f53/small_2d70e7c6af9f7c6114f92043a3812166.PNG,/goa/panaji/guest-houses/11163-marquitos-guest-house/pgo-properties,Marquitos Guest House ,GeoCoordinates,15.49804,73.831454,PostalAddress,Panaji ,Panaji ,RU A 31 DE Jeniro ,403001,,,,,,,,,,,,,,,,,,,,,,,,,,,,,,,
https://schema.org,LodgingBusiness,https://d2bxpw04qb5rhq.cloudfront.net/production/property_image/image/78824/a5b16b3a00963da25888d3ea5a5b67509d9f6e34e4834757d6f3ec8872fc3dcd9fe1ddaecbd2b0ce/small_eb6031ef773be0f671c6886fa7b4e1a8.PNG,/goa/panaji/lodges/11095-elite-lodge/pgo-properties,Elite Lodge ,GeoCoordinates,15.498283,73.830836,PostalAddress,Panaji ,Panaji ,31 st January Road ,403001,,,,,,,,,,,,,,,,,,,,,,,,,,,,,,,
https://schema.org,Hotel,https://d2bxpw04qb5rhq.cloudfront.net/production/property_image/image/78890/61e6274c8a5db9497ce7ceefcd98b7ce049e9e505255252a83c5259cacdc0329a8b398d71961bf26/small_a11101877fe288e240eb4f183db78acf.PNG,/goa/panaji/hotels/11108-mateus-boutique/pgo-properties,Mateus Boutique ,GeoCoordinates,15.499551,73.830331,PostalAddress,Panaji,RU A 31 De Janeiro ,432,403001,,,,,,,,,,,,,,,,,,,,,,,,,,,,,,,
https://schema.org,Hotel,https://d2bxpw04qb5rhq.cloudfront.net/production/property_image/image/78867/c0e1454079d5d30041640251c763a5913f30fe6ab438f7d293510974407761f377def81d9e483974/small_d48d4ab3e53911f833a557024a94cfd0.PNG,/goa/panaji/hotels/11104-hotel-republic/pgo-properties,Hotel Republic ,GeoCoordinates,15.500109,73.830023,PostalAddress,Panaji ,Panaji ,Altinho,403001,,,,,,,,,,,,,,,,,,,,,,,,,,,,,,,
https://schema.org,LodgingBusiness,https://d2bxpw04qb5rhq.cloudfront.net/production/property_image/image/78811/1ce85eb45b2cdd08512ebc39ae032b20100734f2356f18abb4501e2475f18df21df772c3ffed0cd1/small_36cad082f6cb060400bd9c5e5a8a7d1c.PNG,/goa/panaji/lodges/11092-kiran-lodge/pgo-properties,Kiran Lodge ,GeoCoordinates,15.500426,73.82839,PostalAddress,Panaji,Panaji ,Panaji,403001,,,,,,,,,,,,,,,,,,,,,,,,,,,,,,,
https://schema.org,LodgingBusiness,https://d2bxpw04qb5rhq.cloudfront.net/production/property_image/image/78863/feffde8af88e206fe2fd1f2feab724aa86b9e6fd50b46e6326356ec64fcdb442e185b3cf5924a99d/small_806698030894c1ea2cab9d791207b84e.PNG,/goa/panaji/lodges/11103-matrucchhaya-lodge/pgo-properties,Matrucchhaya Lodge ,GeoCoordinates,15.499855,73.827866,PostalAddress,Panaji ,Panaji ,Panaji ,403521,,,,,,,,,,,,,,,,,,,,,,,,,,,,,,,
https://schema.org,Hotel,https://d2bxpw04qb5rhq.cloudfront.net/production/property_image/image/78838/76243a7bd4f2f88b780a0b1550170f24bd46fa808e9f924fc2e2a01db04fdac21a817d78ae844a6c/small_e10a98660e15edf3d55ef477e4af695f.PNG,/goa/panaji/hotels/11098-hotel-vira-shree/pgo-properties,Hotel Vira Shree ,GeoCoordinates,15.496749,73.825444,PostalAddress,Panaji ,Panaji ,Dr . Dada Vaidyard ,403001,,,,,,,,,,,,,,,,,,,,,,,,,,,,,,,
https://schema.org,SingleFamilyResidence,https://d2bxpw04qb5rhq.cloudfront.net/production/property_image/image/78794/ae381f3eefc0f5b5dd5ccc28319bff7f48ed30a412e1f626fa4af8fb995c5d0830f7300894be4176/small_51e06a1ed23b7663de6ad4dac538a222.PNG,/goa/panaji/guest-houses/11088-parekh-dormitory/pgo-properties,Parekh Dormitory ,GeoCoordinates,15.500267,73.827487,PostalAddress,Panaji ,Panaji ,Cafe Bhonsle ,403001,,,,,,,,,,,,,,,,,,,,,,,,,,,,,,,
https://schema.org,Hotel,https://d2bxpw04qb5rhq.cloudfront.net/production/property_image/image/78828/326fe92b85bf2bb3265af29f2bb85a45b4e619eeaab0cab2253500b9cfbc3ce4de51bd6d0c2a2ff4/small_e41039d5a35680822ee5137104a6f8a1.PNG,/goa/mapusa/hotels/11096-hotel-madarin/pgo-properties,Hotel Madarin,GeoCoordinates,15.588342,73.810331,PostalAddress,Mapusa ,Mapusa ,Mapusa ,403507,,,,,,,,,,,,,,,,,,,,,,,,,,,,,,,
https://schema.org,SingleFamilyResidence,https://d2bxpw04qb5rhq.cloudfront.net/production/property_image/image/74084/c624668470b621ee403d99010532d3b870a005c5a0adf5fec288820de8b0b0e42935028571cde641/small_aa0c31eb48ce8d1f5150b790c05972fc.PNG,/goa/gauravaddo/guest-houses/10342-coelho-guest-house/pgo-properties,Coelho Guest House,GeoCoordinates,15.531609,73.759764,PostalAddress,Gauravaddo,Gauravaddo,H.No:266,403516,,,,,,,,,,,,,,,,,,,,,,,,,,,,,,,
https://schema.org,Hotel,https://d2bxpw04qb5rhq.cloudfront.net/production/property_image/image/79323/ed577aca76c1223d2b5f65fe3b6ec65d030b10e2bd6acaf269ba20c78fae300479bb11a1af61cbd5/small_34a0a87cfb7b2af486ffa79fadbfcde8.PNG,/goa/calangute/hotels/11197-palmarinha-resort-hotel/pgo-properties,Palmarinha Resort &amp; Hotel,GeoCoordinates,15.551831,73.772248,PostalAddress,Calangute ,Calangute ,Calangute ,403516,,,,,,,,,,,,,,,,,,,,,,,,,,,,,,,
https://schema.org,SingleFamilyResidence,https://d2bxpw04qb5rhq.cloudfront.net/production/property_image/image/74168/978ea836252dc219d20d347465b3d8a2ce0aea65b979941ef80fda6c650308bd3da7635b4d8682c6/small_6a129daf01d63bc926f1b9bf1a941eb2.PNG,/goa/tivai-vaddo/guest-houses/10356-agathina-guest-house/pgo-properties,Agathina  Guest House ,GeoCoordinates,15.537565,73.760365,PostalAddress,Tivai Vaddo,Calangute Beach ,79/A ST Peter Chapel,403516,,,,,,,,,,,,,,,,,,,,,,,,,,,,,,,
https://schema.org,SingleFamilyResidence,https://d2bxpw04qb5rhq.cloudfront.net/production/property_image/image/79378/56c1a547a5b900cda8b1e291e97d6363e07ce2719fab5519cba8eef4bcbe34bf7e2737f003cfe64b/small_3fd90de11cb5c6241e77526e20bf5935.PNG,/goa/calangute/guest-houses/11215-betel-nut-inn/pgo-properties,Betel Nut Inn,GeoCoordinates,15.546348,73.766021,PostalAddress,Calangute ,Calangute ,414 - A,403516,,,,,,,,,,,,,,,,,,,,,,,,,,,,,,,
https://schema.org,SingleFamilyResidence,https://d2bxpw04qb5rhq.cloudfront.net/production/property_image/image/74158/70344f0498d49cb222f5db101f90f31de6e8e813ef12bd2058b6b772bba36d3dbcdaae512152185c/small_07a054500eb20668d69eee9df5b73fdd.jpeg,/goa/calangute-goa/guest-houses/10355-xavij-place/pgo-properties,Xavij Place ,GeoCoordinates,15.537384,73.759482,PostalAddress,Calangute Goa,Tivai Vaddo,House No- 3/79 B Near St Peter Chapel,403516,,,,,,,,,,,,,,,,,,,,,,,,,,,,,,,
https://schema.org,SingleFamilyResidence,https://d2bxpw04qb5rhq.cloudfront.net/production/property_image/image/79341/02363e09995b5fdbd82d2df54fb2bd41332a71c8cf33ff31a5efcc300b5eecb0f336c7d2a6b48bd4/small_4d7184195a2dcb1e7d92aaf3ac0a9db3.PNG,/goa/calangute/guest-houses/11200-nav-durga-holiday-stay/pgo-properties,Nav Durga Holiday Stay ,GeoCoordinates,15.546317,73.765114,PostalAddress,Calangute ,Calangute ,Porbha Wadda,403516,,,,,,,,,,,,,,,,,,,,,,,,,,,,,,,
https://schema.org,SingleFamilyResidence,https://d2bxpw04qb5rhq.cloudfront.net/production/property_image/image/78761/6d3ebcc2c1cf86faab7e3bf13ece5451a7b39feef06091814a80d44f9e3cbe39a5d36ffaf801505f/small_f2904fc557e3f2d3c185459ccc52789d.PNG,/goa/calangute/guest-houses/11083-tevar-beach/pgo-properties,Tevar Beach ,GeoCoordinates,15.537792,73.757831,PostalAddress,Calangute ,Calangute ,Tivai Wado ,403516,,,,,,,,,,,,,,,,,,,,,,,,,,,,,,,
https://schema.org,Hostel,https://d2bxpw04qb5rhq.cloudfront.net/production/property_image/image/68218/caf4c0751183c487589ecf9f4ff715ea3f5ff63ffc25b8fb86d1fc967a061865bcecb6bc74e74252/small_61d9945ec61acf65e223fd622efd6bca.JPG,/goa/kholrim-mapusa/hostel/8983-sevilha-sousa-girls-hostel/pgo-properties,Sevilha Sousa Girls Hostel,GeoCoordinates,15.593752,73.803604,PostalAddress,Kholrim Mapusa,Ghateshwar Nagar,"73,Kholrim",403507,,,,,,,,,,,,,,,,,,,,,,,,,,,,,,,
https://schema.org,SingleFamilyResidence,https://d2bxpw04qb5rhq.cloudfront.net/production/property_image/image/74150/2ba3ddcafc2873bd69963551780c2416ca688d488967a5c81d6c5c1551d67108673a6a2f334ba84a/small_d094ad0e30b6369539eee79826c16513.PNG,/goa/calangute/guest-houses/10354-lalangute-pearl/pgo-properties,Lalangute Pearl,GeoCoordinates,15.538859,73.757343,PostalAddress,Calangute,trivai,Opp Casa Furista ,403516,,,,,,,,,,,,,,,,,,,,,,,,,,,,,,,
https://schema.org,SingleFamilyResidence,https://d2bxpw04qb5rhq.cloudfront.net/production/property_image/image/79248/80d9abbcb90d4792af8bca98c8c0e9d7b4ad5e127a30b095885f1a848e4eed09b000bf3b04e0ecb6/small_aad5f2ceadf1d45f6b6c864b66a014f2.PNG,/goa/calangute/guest-houses/11186-deep-residency/pgo-properties,Deep Residency,GeoCoordinates,15.546699,73.761459,PostalAddress,Calangute ,Calangute ,Porba Waddo,403519,,,,,,,,,,,,,,,,,,,,,,,,,,,,,,,
https://schema.org,Hotel,https://d2bxpw04qb5rhq.cloudfront.net/production/property_image/image/78842/e541f7d8628c55e409cee6f70f6351c60dd3d3cf13a9eb8fffa064c643cf1f48847d5dacff7b2c6d/small_ccf9409032be4a0d529990eb2477aa13.PNG,/goa/calangute/hotels/11099-suhas-paying-guest/pgo-properties,Suhas Paying Guest ,GeoCoordinates,15.54989,73.76211,PostalAddress,Calangute ,Calangute ,Porba Vaddo,403516,,,,,,,,,,,,,,,,,,,,,,,,,,,,,,,
https://schema.org,SingleFamilyResidence,https://d2bxpw04qb5rhq.cloudfront.net/production/property_image/image/79294/225a77a62699c7ef2224cf6da4379dbdb1194782ef16769aa806357325fbd420ffc9869a89dea738/small_52ce54e14228e7be29e4b9069048b7c5.PNG,/goa/calangute/guest-houses/11193-wayne-s-nest/pgo-properties,Wayne&#39;s Nest ,GeoCoordinates,15.549244,73.761212,PostalAddress,Calangute ,Baga Road ,6/10,403516,,,,,,,,,,,,,,,,,,,,,,,,,,,,,,,
https://schema.org,SingleFamilyResidence,https://d2bxpw04qb5rhq.cloudfront.net/production/property_image/image/85846/75806fd3c3d39a45999349755dea70929c71b2892f283844deb3a68344ccc920417a24673626c66b/small_5.PNG,/goa/vmta-vaddo/guest-houses/10372-vijay-guest-house/pgo-properties,Vijay Guest House ,GeoCoordinates,15.546517,73.756684,PostalAddress,Vmta Vaddo,Next To Hotel Sea Breeze,Near Sai Baba Mandhir ,403516,,,,,,,,,,,,,,,,,,,,,,,,,,,,,,,
https://schema.org,Hotel,https://d2bxpw04qb5rhq.cloudfront.net/production/property_image/image/79357/de14608a1fd04760431bb2e590c951348664cbb45daf117a410ee4cb96ccff3453e58eaaa2ba94be/small_51e28a1d4cedd1f0fe0bb893eb2644af.PNG,/goa/calangute/hotels/11202-la-vie-woods/pgo-properties,La Vie Woods ,GeoCoordinates,15.548968,73.758029,PostalAddress,Calangute ,Calangute ,Calangute,403516,,,,,,,,,,,,,,,,,,,,,,,,,,,,,,,
https://schema.org,SingleFamilyResidence,https://d2bxpw04qb5rhq.cloudfront.net/production/property_image/image/78754/c26665bdb0c713f5b4e049093e93b95792eb3c74f35735b5992484307a7e707990f33b600c570dde/small_526ea9266d1e21a2a4d9517d97f5387c.PNG,/goa/calangute/guest-houses/11082-sabinas-beach-kirana/pgo-properties,Sabinas Beach Kirana,GeoCoordinates,15.54749,73.756629,PostalAddress,Calangute ,Calangute ,Umtav Vaddo,403516,,,,,,,,,,,,,,,,,,,,,,,,,,,,,,,
https://schema.org,SingleFamilyResidence,https://d2bxpw04qb5rhq.cloudfront.net/production/property_image/image/74205/98e791207b845cb4eee40544386c716b98168213e814f2131d5933319d00bc4bc52a0785ec9f840e/small_2acc287630a5665ac7882e86d95586ca.PNG,/goa/vmta-vaddo/guest-houses/10365-the-haritage-beach-villa/pgo-properties,The Haritage Beach Villa,GeoCoordinates,15.547321,73.755782,PostalAddress,vmta Vaddo,"Near Sea Shore Resort , Bardez Goa, Calangute Baga Road ",House No .B14 ,403516,,,,,,,,,,,,,,,,,,,,,,,,,,,,,,,
https://schema.org,SingleFamilyResidence,https://d2bxpw04qb5rhq.cloudfront.net/production/property_image/image/78746/5948a31e9345d90878c9576a9da8a64cb7210d0177873058f4e3d3d4433964f816f6f616487e1330/small_917cbc46138f8dc97d789018749ff8b0.PNG,/goa/calangute/guest-houses/11081-beach-queen-guest-house/pgo-properties,Beach Queen Guest House ,GeoCoordinates,15.547844,73.755724,PostalAddress,Calangute ,Calangute ,Calangute,403516,,,,,,,,,,,,,,,,,,,,,,,,,,,,,,,
https://schema.org,SingleFamilyResidence,https://d2bxpw04qb5rhq.cloudfront.net/production/property_image/image/74213/36a0d19cda389e46ab2d663174aa4693394169e0181c9b6d5e1492c9eb3ef71f90f669a37161308f/small_fc1cab8b0e46511037bcf7875edb6385.jpeg,/goa/khobra-wadd/guest-houses/10367-celjoan-guest-house/pgo-properties,Celjoan guest House,GeoCoordinates,15.549627,73.756484,PostalAddress,Khobra Wadd,Bagard,Calangute,403516,,,,,,,,,,,,,,,,,,,,,,,,,,,,,,,
https://schema.org,SingleFamilyResidence,https://d2bxpw04qb5rhq.cloudfront.net/production/property_image/image/78741/6f1d3fe7f41b198a37f6c96948fbc0491fff6ecdd2fe5857b445955dbd412e4b5a2f9468b60186d0/small_0726bdb3144192de4ae75a978aa974d1.PNG,/goa/calangute/guest-houses/11080-villa-mir-guest-house/pgo-properties,Villa Mir Guest House ,GeoCoordinates,15.554231,73.757194,PostalAddress,Calangute ,Calangute ,Calangute,403516,,,,,,,,,,,,,,,,,,,,,,,,,,,,,,,
https://schema.org,SingleFamilyResidence,https://d2bxpw04qb5rhq.cloudfront.net/production/property_image/image/74229/c5c52b238723452b70db45c0f0878f15ed1f416c0015c6df66f929f2b984a861316beaf76b44c022/small_f9373cd1a83f63cbfb17539f7a0f2069.PNG,/goa/cobravaddo/guest-houses/10370-fraddie-guest-house/pgo-properties,Fraddie Guest House,GeoCoordinates,15.549706,73.753714,PostalAddress,Cobravaddo,opp.Stay Longer Guest House,"No-6-34B,Road Beside Ocean Ride",403516,,,,,,,,,,,,,,,,,,,,,,,,,,,,,,,
https://schema.org,Hotel,https://d2bxpw04qb5rhq.cloudfront.net/production/property_image/image/79287/e128e6323c36a41ed1b1d0ed3ba272fbbe626ea51ef773623b9fe39fe7604c69332c77ac570bb97d/small_3ad26accaf4a48505b32545695dca70f.PNG,/goa/calangute/hotels/11192-cap-corner/pgo-properties,CAP Corner ,GeoCoordinates,15.557742,73.759434,PostalAddress,Calangute ,Calangute ,Baga Road ,403516,,,,,,,,,,,,,,,,,,,,,,,,,,,,,,,
https://schema.org,SingleFamilyResidence,https://d2bxpw04qb5rhq.cloudfront.net/production/property_image/image/78723/5b2e1caec855683b134d0f3d7d17f79943c66c9a7c77759a4921dfe9486e0ed8c053c0f75a71517d/small_cb4c6e1c459ec09de27acbe31af032b7.PNG,/goa/calangute/guest-houses/11078-fisher-man-guest-house/pgo-properties,Fisher Man Guest House ,GeoCoordinates,15.558027,73.753326,PostalAddress,Calangute ,Menguel Gonsaive,H . No -7/61,403516,,,,,,,,,,,,,,,,,,,,,,,,,,,,,,,
https://schema.org,SingleFamilyResidence,https://d2bxpw04qb5rhq.cloudfront.net/production/property_image/image/78713/34d5c90cbdcbe9de41889ae68c10bd0d84d83269a486cd7bc151e6baee87c31f265c9f1b302408bd/small_d4a578ede22cde427d8462bf44b69746.PNG,/goa/calangute/guest-houses/11077-fatima-guest-house/pgo-properties,Fatima Guest House ,GeoCoordinates,15.558687,73.753572,PostalAddress,Calangute ,Calangute ,Baga Road ,403518,,,,,,,,,,,,,,,,,,,,,,,,,,,,,,,
https://schema.org,SingleFamilyResidence,https://d2bxpw04qb5rhq.cloudfront.net/production/property_image/image/78733/8c560826517880b7c84be50c761f0330f653894150aef91697737d6bd06728610e539681ee307dae/small_52fa8bc727028c3090b6ad51664ff4fa.PNG,/goa/calangute/guest-houses/11079-amorya-beach-resort/pgo-properties,Amorya Beach Resort ,GeoCoordinates,15.559998,73.751925,PostalAddress,Calangute ,Calangute ,614,403509,,,,,,,,,,,,,,,,,,,,,,,,,,,,,,,
https://schema.org,SingleFamilyResidence,https://d2bxpw04qb5rhq.cloudfront.net/production/property_image/image/75363/09135755118266e4fd4f0761cd8e90b960a6c0b3fa5a554d75db5fe5e191f386cf5ccd3e8943f67e/small_723bf51a291b6fdf5077c83c90e850f6.PNG,/goa/hea-market-road-pequeno/guest-houses/10568-pebbles-guest-house/pgo-properties,Pebbles Guest House ,GeoCoordinates,15.576099,73.743503,PostalAddress,Hea Market Road Pequeno ,The Verda Monterio vaddo ,"Near 6  Pack Barl Resturant , After Opus By",403509,,,,,,,,,,,,,,,,,,,,,,,,,,,,,,,
https://schema.org,SingleFamilyResidence,https://d2bxpw04qb5rhq.cloudfront.net/production/property_image/image/75355/dd742f2a59d34bd2b259826d5e070dd9ff5cddbec4de1cf54776659888728c0d874a1cfa1ae77a64/small_a11cb402b08128a23b9bd49db1d04cde.PNG,/goa/vaddo-anjuna/guest-houses/10567-sea-princess-guest-house/pgo-properties,Sea Princess Guest House ,GeoCoordinates,15.575117,73.742117,PostalAddress,Vaddo Anjuna,Monterio,"H . No -  649 , Goenkar Vaddo",403509,,,,,,,,,,,,,,,,,,,,,,,,,,,,,,,
https://schema.org,SingleFamilyResidence,https://d2bxpw04qb5rhq.cloudfront.net/production/property_image/image/74190/1bce054e6917e1869bc0602e92884388fc4e04f41d5f6e6ffc36fa0882f15f0b46b03c42f034d5f2/small_54dd5782cf51d3517e8b3ef696dc31a0.PNG,/goa/anjuna-goa/guest-houses/10361-wonder-land-guest-house/pgo-properties,Wonder Land Guest House,GeoCoordinates,15.575066,73.741708,PostalAddress,Anjuna Goa,"Monteero Vaddo,Anjuna-Vaddo Fiea Market Road",House no-69/6,403502,,,,,,,,,,,,,,,,,,,,,,,,,,,,,,,
https://schema.org,SingleFamilyResidence,https://d2bxpw04qb5rhq.cloudfront.net/production/property_image/image/68512/04a218877fd8175117fa2e4068955c6d3315a9de2313b11cfe4c1bf77d009b065387e09bdc9788a4/small_4c79a2734137ae386b58a04929b4cfed.jpg,/goa/dmello-vaddo-anjuna/guest-houses/9046-shree-hari-guest-house/pgo-properties,Shree Hari Guest House,GeoCoordinates,15.579626,73.742546,PostalAddress,Dmello Vaddo Anjuna,Near Stanthony Chapel,Prais Waddo,403509,,,,,,,,,,,,,,,,,,,,,,,,,,,,,,,
https://schema.org,SingleFamilyResidence,https://d2bxpw04qb5rhq.cloudfront.net/production/property_image/image/74222/4002af30199abd65ae2130701bad40eb9d5c3b6d51689dedb79df7c69612d6f8fcba448860b1322f/small_db90af33be127c6cbef51d0190248361.PNG,/goa/anjuna/guest-houses/10368-silver-moon-guest-house/pgo-properties,Silver Moon Guest House,GeoCoordinates,15.585532,73.741755,PostalAddress,Anjuna,Dmello Vaddo,"House No-854,Soranto",403509,,,,,,,,,,,,,,,,,,,,,,,,,,,,,,,
https://schema.org,Hostel,https://d2bxpw04qb5rhq.cloudfront.net/production/property_image/image/85765/86a8f76d2ccbe570e7bb1705ff841acb5f15cf2cb6f35a57c7fba1295824a7303c5ff4096ae78e1b/small_1.PNG,/goa/vagatore/hostel/8982-folklore-hostel/pgo-properties,Folklore Hostel,GeoCoordinates,15.598672,73.738031,PostalAddress,Vagatore,Old Mango Tree Street,"H No:524/2,Behind Grand Leoney Resort",403509,,,,,,,,,,,,,,,,,,,,,,,,,,,,,,,
https://schema.org,FAQPage,,,,,,,,,,,,Question,What type of services do the hostels in Goa provide ?,Answer,Most of the basic amenities are available like:<ul><li>a) AC </li><li>b) Wi-Fi </li><li>c) Washing Machine </li><li>d) Television </li></ul>,Question,Which areas have the most number of PG Hostels in Goa ?,Answer,These areas have the most number of PG Hostels: <ul><li>a) Calangute </li><li>b) Betalbatim </li><li>c) Panaji </li><li>d) Vasco De Gama </li><li>e) Margao </li></ul>,Question,What is the approximate cost of living in PG hostels in Goa ?,Answer,"It depends and varies based on the locality, amenities, etc., but the usual price of a shared room starts with Rs.5000 per month.",Question,What is the age limit for signing up at a hostel in Goa ?,Answer,Minimum age requirement is 18 years. Proper documents are also required to available a room.,Question,Does PGO Charge any extra charges apart from rates mentioned in properties?,Answer,"No, On the contrary you can save 10% on each booking made through PGO app. T&C apply.",,,,,,,,,,,
https://schema.org,WebSite,,https://www.gopgo.in/,Paying Guest Online - PGO,,,,,,,,,,,,,,,,,,,,,,,,,,,,,,,,,,,,,,,
https://schema.org/,Organization,,https://www.gopgo.in/,Paying Guest Online - PGO,,,,,,,,,,,,,,,,,,,,,,,,,,,,,https://www.gopgo.in/assets/logos/logo-0980a62d0f61405035aac9d1b450be601b89fdd82a5cd21295acb20b61af38ea.png,"Searching for best PG hostels near your place? PGO is one-stop destination for your hostel search. Not just Booking Hostels or PGs, we offer wide range of rentals for sharing, guest houses and cottages. Go PGO way!",https://www.facebook.com/gopgoway,https://twitter.com/gopgoway,https://www.linkedin.com/company/gopgoway,https://www.youtube.com/channel/UCHHYLADXTrniVLDt9VJQBPQ,https://www.instagram.com/gopgoway,ContactPoint,+91-9063081081,Customer Service,IN
